algorithm,instance_class,seed,num_jobs,num_machines,num_ops,valid,runtime_ms,population_size,generations,crossover_probability,mutation_probability,best_makespan,lower_bound,gap_pct,avg_utilization,min_utilization,max_utilization,critical_job
Greedy ECT,average,1,10,6,38,True,0.3,,0,,,82,51,60.784,0.6565,0.3415,0.8537,10
GA,average,1,10,6,38,True,172.021,40,80,0.85,0.15,81,51,58.824,0.6502,0.1605,0.9012,10
SLGA,average,1,10,6,38,True,170.332,40,80,,,79,51,54.902,0.692,0.3165,0.9747,10
Greedy ECT,average,2,10,6,41,True,0.212,,0,,,109,61,78.689,0.4985,0.3486,1.0,3
GA,average,2,10,6,41,True,183.94,40,80,0.85,0.15,92,61,50.82,0.6033,0.2174,0.9457,3
SLGA,average,2,10,6,41,True,173.943,40,80,,,94,61,54.098,0.6472,0.3617,0.9362,3
Greedy ECT,average,3,10,6,44,True,0.23,,0,,,96,64,50.0,0.6858,0.4583,0.9583,3
GA,average,3,10,6,44,True,187.294,40,80,0.85,0.15,96,64,50.0,0.6858,0.4583,0.9583,3
SLGA,average,3,10,6,44,True,226.317,40,80,,,96,64,50.0,0.6858,0.4583,0.9583,3
Greedy ECT,average,4,10,6,51,True,0.215,,0,,,115,84,36.905,0.758,0.6696,0.9043,1
GA,average,4,10,6,51,True,210.059,40,80,0.85,0.15,115,84,36.905,0.758,0.6696,0.9043,1
SLGA,average,4,10,6,51,True,275.032,40,80,,,115,84,36.905,0.758,0.6696,0.9043,1
Greedy ECT,average,5,10,6,45,True,0.203,,0,,,93,57,63.158,0.6272,0.4946,0.6989,7
GA,average,5,10,6,45,True,206.375,40,80,0.85,0.15,92,57,61.404,0.6938,0.5109,0.8804,1
SLGA,average,5,10,6,45,True,251.655,40,80,,,93,57,63.158,0.6272,0.4946,0.6989,7
Greedy ECT,low_flexibility,1,10,6,43,True,0.195,,0,,,141,82,71.951,0.5839,0.1064,0.8298,10
GA,low_flexibility,1,10,6,43,True,184.624,40,80,0.85,0.15,122,82,48.78,0.6776,0.3852,0.9344,7
SLGA,low_flexibility,1,10,6,43,True,176.321,40,80,,,125,82,52.439,0.6547,0.104,1.0,9
Greedy ECT,low_flexibility,2,10,6,39,True,0.156,,0,,,168,76,121.053,0.4077,0.0417,0.8452,3
GA,low_flexibility,2,10,6,39,True,171.801,40,80,0.85,0.15,142,76,86.842,0.4859,0.1127,1.0,4
SLGA,low_flexibility,2,10,6,39,True,211.392,40,80,,,142,76,86.842,0.4859,0.1127,1.0,4
Greedy ECT,low_flexibility,3,10,6,45,True,0.132,,0,,,151,75,101.333,0.4945,0.1987,0.7815,5
GA,low_flexibility,3,10,6,45,True,183.13,40,80,0.85,0.15,119,75,58.667,0.6331,0.2437,0.9496,8
SLGA,low_flexibility,3,10,6,45,True,205.863,40,80,,,122,75,62.667,0.6134,0.2377,0.9672,10
Greedy ECT,low_flexibility,4,10,6,48,True,0.169,,0,,,122,74,64.865,0.6189,0.377,0.8852,1
GA,low_flexibility,4,10,6,48,True,223.135,40,80,0.85,0.15,113,74,52.703,0.6534,0.2655,0.823,4
SLGA,low_flexibility,4,10,6,48,True,179.695,40,80,,,117,74,58.108,0.6595,0.5299,0.8632,7
Greedy ECT,low_flexibility,5,10,6,52,True,0.153,,0,,,131,94,39.362,0.7176,0.458,0.9008,9
GA,low_flexibility,5,10,6,52,True,202.509,40,80,0.85,0.15,131,94,39.362,0.7176,0.458,0.9008,9
SLGA,low_flexibility,5,10,6,52,True,255.616,40,80,,,131,94,39.362,0.7176,0.458,0.9008,9
Greedy ECT,high_flexibility,1,10,6,48,True,0.361,,0,,,72,53,35.849,0.7269,0.6528,0.8056,8
GA,high_flexibility,1,10,6,48,True,182.271,40,80,0.85,0.15,72,53,35.849,0.7269,0.6528,0.8056,8
SLGA,high_flexibility,1,10,6,48,True,188.826,40,80,,,72,53,35.849,0.7269,0.6528,0.8056,8
Greedy ECT,high_flexibility,2,10,6,46,True,0.401,,0,,,71,43,65.116,0.6244,0.4789,0.8451,2
GA,high_flexibility,2,10,6,46,True,166.574,40,80,0.85,0.15,71,43,65.116,0.6244,0.4789,0.8451,2
SLGA,high_flexibility,2,10,6,46,True,213.914,40,80,,,71,43,65.116,0.6244,0.4789,0.8451,2
Greedy ECT,high_flexibility,3,10,6,48,True,0.425,,0,,,71,47,51.064,0.6995,0.6338,0.7887,8
GA,high_flexibility,3,10,6,48,True,176.793,40,80,0.85,0.15,71,47,51.064,0.6995,0.6338,0.7887,8
SLGA,high_flexibility,3,10,6,48,True,216.198,40,80,,,71,47,51.064,0.6995,0.6338,0.7887,8
Greedy ECT,high_flexibility,4,10,6,45,True,0.428,,0,,,66,48,37.5,0.7854,0.6667,0.8939,9
GA,high_flexibility,4,10,6,45,True,172.349,40,80,0.85,0.15,66,48,37.5,0.7854,0.6667,0.8939,9
SLGA,high_flexibility,4,10,6,45,True,154.669,40,80,,,66,48,37.5,0.7854,0.6667,0.8939,9
Greedy ECT,high_flexibility,5,10,6,45,True,0.34,,0,,,70,45,55.556,0.65,0.5429,0.8143,5
GA,high_flexibility,5,10,6,45,True,158.479,40,80,0.85,0.15,70,45,55.556,0.65,0.5429,0.8143,5
SLGA,high_flexibility,5,10,6,45,True,191.682,40,80,,,70,45,55.556,0.65,0.5429,0.8143,5
Greedy ECT,bottleneck_heavy,1,10,6,44,True,0.18,,0,,,94,62,51.613,0.6826,0.5319,0.9468,10
GA,bottleneck_heavy,1,10,6,44,True,172.965,40,80,0.85,0.15,94,62,51.613,0.6826,0.5319,0.9468,10
SLGA,bottleneck_heavy,1,10,6,44,True,213.234,40,80,,,94,62,51.613,0.6826,0.5319,0.9468,10
Greedy ECT,bottleneck_heavy,2,10,6,42,True,0.332,,0,,,98,61,60.656,0.5952,0.3878,0.7755,8
GA,bottleneck_heavy,2,10,6,42,True,190.459,40,80,0.85,0.15,98,61,60.656,0.5952,0.3878,0.7755,8
SLGA,bottleneck_heavy,2,10,6,42,True,165.016,40,80,,,98,61,60.656,0.5952,0.3878,0.7755,8
Greedy ECT,bottleneck_heavy,3,10,6,45,True,0.262,,0,,,77,55,40.0,0.7359,0.6364,0.9351,2
GA,bottleneck_heavy,3,10,6,45,True,184.706,40,80,0.85,0.15,77,55,40.0,0.7359,0.6364,0.9351,2
SLGA,bottleneck_heavy,3,10,6,45,True,185.876,40,80,,,77,55,40.0,0.7359,0.6364,0.9351,2
Greedy ECT,bottleneck_heavy,4,10,6,46,True,0.274,,0,,,85,59,44.068,0.7176,0.5647,0.9529,10
GA,bottleneck_heavy,4,10,6,46,True,197.091,40,80,0.85,0.15,85,59,44.068,0.7176,0.5647,0.9529,10
SLGA,bottleneck_heavy,4,10,6,46,True,207.729,40,80,,,81,59,37.288,0.7531,0.6667,0.8519,9
Greedy ECT,bottleneck_heavy,5,10,6,45,True,0.234,,0,,,101,58,74.138,0.6172,0.3168,0.802,6
GA,bottleneck_heavy,5,10,6,45,True,188.28,40,80,0.85,0.15,101,58,74.138,0.6172,0.3168,0.802,6
SLGA,bottleneck_heavy,5,10,6,45,True,179.448,40,80,,,101,58,74.138,0.6172,0.3168,0.802,6
Greedy ECT,balanced,1,10,6,45,True,0.199,,0,,,118,74,59.459,0.6257,0.5085,0.8305,10
GA,balanced,1,10,6,45,True,195.415,40,80,0.85,0.15,109,74,47.297,0.6758,0.367,0.9083,4
SLGA,balanced,1,10,6,45,True,238.875,40,80,,,111,74,50.0,0.6682,0.3514,0.982,2
Greedy ECT,balanced,2,10,6,35,True,0.156,,0,,,90,61,47.541,0.6444,0.5444,0.8778,3
GA,balanced,2,10,6,35,True,153.467,40,80,0.85,0.15,80,61,31.148,0.7229,0.3875,1.0,3
SLGA,balanced,2,10,6,35,True,155.984,40,80,,,79,61,29.508,0.7257,0.1266,1.0,3
Greedy ECT,balanced,3,10,6,46,True,0.206,,0,,,129,75,72.0,0.584,0.3023,0.8295,9
GA,balanced,3,10,6,46,True,184.302,40,80,0.85,0.15,116,75,54.667,0.648,0.2414,1.0,8
SLGA,balanced,3,10,6,46,True,179.142,40,80,,,117,75,56.0,0.6425,0.3333,1.0,2
Greedy ECT,balanced,4,10,6,51,True,0.214,,0,,,122,85,43.529,0.6995,0.5902,0.8361,8
GA,balanced,4,10,6,51,True,194.054,40,80,0.85,0.15,120,85,41.176,0.7042,0.4917,0.925,4
SLGA,balanced,4,10,6,51,True,212.953,40,80,,,122,85,43.529,0.6995,0.5902,0.8361,8
Greedy ECT,balanced,5,10,6,45,True,0.214,,0,,,98,73,34.247,0.7483,0.6837,0.8061,9
GA,balanced,5,10,6,45,True,192.987,40,80,0.85,0.15,98,73,34.247,0.7483,0.6837,0.8061,9
SLGA,balanced,5,10,6,45,True,193.852,40,80,,,98,73,34.247,0.7483,0.6837,0.8061,9
Greedy ECT,high_variance,1,10,6,45,True,0.207,,0,,,299,183,63.388,0.6226,0.4415,0.913,2
GA,high_variance,1,10,6,45,True,197.802,40,80,0.85,0.15,299,183,63.388,0.6226,0.4415,0.913,2
SLGA,high_variance,1,10,6,45,True,202.913,40,80,,,299,183,63.388,0.6226,0.4415,0.913,2
Greedy ECT,high_variance,2,10,6,35,True,0.156,,0,,,346,181,91.16,0.421,0.2543,0.7832,6
GA,high_variance,2,10,6,35,True,158.354,40,80,0.85,0.15,253,181,39.779,0.6364,0.4111,0.9763,3
SLGA,high_variance,2,10,6,35,True,157.286,40,80,,,250,181,38.122,0.6,0.28,1.0,3
Greedy ECT,high_variance,3,10,6,46,True,0.2,,0,,,350,219,59.817,0.569,0.3971,0.88,9
GA,high_variance,3,10,6,46,True,190.828,40,80,0.85,0.15,339,219,54.795,0.6077,0.3009,1.0,3
SLGA,high_variance,3,10,6,46,True,223.498,40,80,,,340,219,55.251,0.5887,0.3324,0.8324,9
Greedy ECT,high_variance,4,10,6,51,True,0.205,,0,,,399,258,54.651,0.6696,0.5113,0.8271,8
GA,high_variance,4,10,6,51,True,202.873,40,80,0.85,0.15,399,258,54.651,0.6696,0.5113,0.8271,8
SLGA,high_variance,4,10,6,51,True,228.212,40,80,,,387,258,50.0,0.7033,0.4755,0.9897,10
Greedy ECT,high_variance,5,10,6,45,True,0.212,,0,,,329,170,93.529,0.5106,0.383,0.7052,7
GA,high_variance,5,10,6,45,True,197.302,40,80,0.85,0.15,254,170,49.412,0.6995,0.5276,0.8425,3
SLGA,high_variance,5,10,6,45,True,200.302,40,80,,,254,170,49.412,0.7159,0.5276,0.9449,6
Greedy ECT,machine_advantage,1,10,6,44,True,0.252,,0,,,73,45,62.222,0.7169,0.5205,0.8356,6
GA,machine_advantage,1,10,6,44,True,170.118,40,80,0.85,0.15,73,45,62.222,0.7169,0.5205,0.8356,6
SLGA,machine_advantage,1,10,6,44,True,204.195,40,80,,,73,45,62.222,0.7169,0.5205,0.8356,6
Greedy ECT,machine_advantage,2,10,6,38,True,0.192,,0,,,75,60,25.0,0.5644,0.3867,0.8533,2
GA,machine_advantage,2,10,6,38,True,149.029,40,80,0.85,0.15,69,60,15.0,0.6425,0.4783,0.942,2
SLGA,machine_advantage,2,10,6,38,True,190.533,40,80,,,70,60,16.667,0.6524,0.5571,0.7286,3
Greedy ECT,machine_advantage,3,10,6,42,True,0.184,,0,,,93,52,78.846,0.543,0.4194,0.7527,4
GA,machine_advantage,3,10,6,42,True,172.243,40,80,0.85,0.15,91,52,75.0,0.6117,0.4066,0.9231,4
SLGA,machine_advantage,3,10,6,42,True,184.684,40,80,,,79,52,51.923,0.7068,0.4684,0.9494,1
Greedy ECT,machine_advantage,4,10,6,51,True,0.285,,0,,,78,55,41.818,0.7714,0.6026,0.9103,3
GA,machine_advantage,4,10,6,51,True,193.664,40,80,0.85,0.15,78,55,41.818,0.7714,0.6026,0.9103,3
SLGA,machine_advantage,4,10,6,51,True,202.756,40,80,,,78,55,41.818,0.7714,0.6026,0.9103,3
Greedy ECT,machine_advantage,5,10,6,52,True,0.292,,0,,,113,64,76.562,0.587,0.3894,0.8142,5
GA,machine_advantage,5,10,6,52,True,218.693,40,80,0.85,0.15,113,64,76.562,0.587,0.3894,0.8142,5
SLGA,machine_advantage,5,10,6,52,True,214.328,40,80,,,113,64,76.562,0.587,0.3894,0.8142,5
Greedy ECT,hard,1,10,6,41,True,0.277,,0,,,153,104,47.115,0.6471,0.4248,0.9346,2
GA,hard,1,10,6,41,True,166.886,40,80,0.85,0.15,153,104,47.115,0.6471,0.4248,0.9346,2
SLGA,hard,1,10,6,41,True,165.404,40,80,,,153,104,47.115,0.6471,0.4248,0.9346,2
Greedy ECT,hard,2,10,6,38,True,0.263,,0,,,150,99,51.515,0.7,0.5867,0.9133,8
GA,hard,2,10,6,38,True,151.866,40,80,0.85,0.15,150,99,51.515,0.7,0.5867,0.9133,8
SLGA,hard,2,10,6,38,True,167.184,40,80,,,149,99,50.505,0.7271,0.5906,0.8591,8
Greedy ECT,hard,3,10,6,42,True,0.282,,0,,,148,95,55.789,0.6847,0.5946,0.7838,7
GA,hard,3,10,6,42,True,160.695,40,80,0.85,0.15,148,95,55.789,0.6847,0.5946,0.7838,7
SLGA,hard,3,10,6,42,True,185.669,40,80,,,148,95,55.789,0.6847,0.5946,0.7838,7
Greedy ECT,hard,4,10,6,45,True,0.295,,0,,,196,111,76.577,0.631,0.5306,0.7959,3
GA,hard,4,10,6,45,True,186.094,40,80,0.85,0.15,196,111,76.577,0.631,0.5306,0.7959,3
SLGA,hard,4,10,6,45,True,189.905,40,80,,,196,111,76.577,0.631,0.5306,0.7959,3
Greedy ECT,hard,5,10,6,45,True,0.322,,0,,,143,96,48.958,0.7296,0.6573,0.8182,5
GA,hard,5,10,6,45,True,174.312,40,80,0.85,0.15,143,96,48.958,0.7296,0.6573,0.8182,5
SLGA,hard,5,10,6,45,True,227.864,40,80,,,143,96,48.958,0.7296,0.6573,0.8182,5
Greedy ECT,extreme,1,10,6,43,True,0.373,,0,,,304,158,92.405,0.5987,0.0921,0.8618,9
GA,extreme,1,10,6,43,True,177.466,40,80,0.85,0.15,304,158,92.405,0.5987,0.0921,0.8618,9
SLGA,extreme,1,10,6,43,True,181.488,40,80,,,304,158,92.405,0.5987,0.0921,0.8618,9
Greedy ECT,extreme,2,10,6,43,True,0.402,,0,,,289,243,18.93,0.5957,0.3633,0.737,2
GA,extreme,2,10,6,43,True,161.286,40,80,0.85,0.15,289,243,18.93,0.5957,0.3633,0.737,2
SLGA,extreme,2,10,6,43,True,200.443,40,80,,,287,243,18.107,0.6173,0.3659,0.7352,2
Greedy ECT,extreme,3,10,6,49,True,0.415,,0,,,321,217,47.926,0.7087,0.6231,0.866,1
GA,extreme,3,10,6,49,True,184.804,40,80,0.85,0.15,321,217,47.926,0.7087,0.6231,0.866,1
SLGA,extreme,3,10,6,49,True,212.849,40,80,,,321,217,47.926,0.7087,0.6231,0.866,1
Greedy ECT,extreme,4,10,6,45,True,0.385,,0,,,354,204,73.529,0.5443,0.2825,0.9266,9
GA,extreme,4,10,6,45,True,174.301,40,80,0.85,0.15,354,204,73.529,0.5443,0.2825,0.9266,9
SLGA,extreme,4,10,6,45,True,212.221,40,80,,,354,204,73.529,0.5443,0.2825,0.9266,9
Greedy ECT,extreme,5,10,6,48,True,0.393,,0,,,556,402,38.308,0.3906,0.2176,0.6529,5
GA,extreme,5,10,6,48,True,192.234,40,80,0.85,0.15,556,402,38.308,0.3906,0.2176,0.6529,5
SLGA,extreme,5,10,6,48,True,213.099,40,80,,,556,402,38.308,0.3906,0.2176,0.6529,5
